{"cameraMode":{"drawMode":0,"name":"Shaded","section":"Shading Mode"},"sceneLighting":true,"audioPlay":false,"sceneViewState":{"m_AlwaysRefresh":false,"showFog":true,"showSkybox":true,"showFlares":true,"showImageEffects":true,"showParticleSystems":true,"showVisualEffectGraphs":true,"m_FxEnabled":true},"in2DMode":false,"pivot":{"x":-3.0645182132720949,"y":0.3891589641571045,"z":0.3685263991355896},"rotation":{"x":0.1699633151292801,"y":0.5748339891433716,"z":-0.11547902971506119,"w":0.7920645475387573},"size":0.7810249328613281,"orthographic":false}