{"cameraMode":{"drawMode":0,"name":"Shaded","section":"Shading Mode"},"sceneLighting":true,"audioPlay":false,"sceneViewState":{"m_AlwaysRefresh":false,"showFog":true,"showSkybox":true,"showFlares":true,"showImageEffects":true,"showParticleSystems":true,"showVisualEffectGraphs":true,"m_FxEnabled":true},"in2DMode":false,"pivot":{"x":-3.989999771118164,"y":0.02000001072883606,"z":1.3050870895385743},"rotation":{"x":0.3550207018852234,"y":0.34569892287254336,"z":-0.13579723238945008,"w":0.8579270839691162},"size":4.347105026245117,"orthographic":false}